<?xml version="1.0" encoding="UTF-8" standalone="no"?>
<MD_Metadata xmlns="http://www.isotc211.org/2005/gmd" xmlns:gco="http://www.isotc211.org/2005/gco" xmlns:gmd="http://www.isotc211.org/2005/gmd" xmlns:gml="http://www.opengis.net/gml" xmlns:xlink="http://www.w3.org/1999/xlink" xmlns:xsi="http://www.w3.org/2001/XMLSchema-instance" xsi:schemaLocation="http://www.isotc211.org/2005/gmd http://www.isotc211.org/2005/gmd/gmd.xsd      http://www.opengis.net/gml http://www.isotc211.org/2005/gml/gml.xsd      http://www.w3.org/1999/xlink http://www.isotc211.org/2005/xlink/xlinks.xsd">
    <fileIdentifier>
        <gco:CharacterString>{3B3908AA-D8A8-4DC3-8F75-38B7C91874BD}</gco:CharacterString>
    </fileIdentifier>
    <language>
        <gco:CharacterString>eng</gco:CharacterString>
    </language>
    <characterSet>
        <MD_CharacterSetCode codeList="http://www.isotc211.org/2005/resources/Codelist/gmxCodelists.xml#MD_CharacterSetCode" codeListValue="utf8"/>
    </characterSet>
    <parentIdentifier>
        <gco:CharacterString>x</gco:CharacterString>
    </parentIdentifier>
    <hierarchyLevel>
        <MD_ScopeCode codeList="http://www.isotc211.org/2005/resources/Codelist/gmxCodelists.xml#MD_ScopeCode" codeListValue="dataset">dataset</MD_ScopeCode>
    </hierarchyLevel>
    
    <contact>
        <CI_ResponsibleParty id="metadataContact">
            <organisationName>
                <gco:CharacterString>Department of Natural Resources, Mines and Energy</gco:CharacterString>
            </organisationName>
            <positionName>
                <gco:CharacterString>Senior Spatial Information Officer</gco:CharacterString>
            </positionName>
            <contactInfo>
                <CI_Contact>
                    <phone>
                        <CI_Telephone>
                            <voice>
                                <gco:CharacterString>61 7 33304750</gco:CharacterString>
                            </voice>
                        </CI_Telephone>
                    </phone>
                    <address>
                        <CI_Address>
                            <deliveryPoint>
                                <gco:CharacterString>Cnr Main and Vulture Sts</gco:CharacterString>
                            </deliveryPoint>
                            <city>
                                <gco:CharacterString>Woolloongabba</gco:CharacterString>
                            </city>
                            <administrativeArea>
                                <gco:CharacterString>QLD</gco:CharacterString>
                            </administrativeArea>
                            <postalCode>
                                <gco:CharacterString>4102</gco:CharacterString>
                            </postalCode>
                            
                            <electronicMailAddress>
                                <gco:CharacterString>LSISDMAdminbdys@dnrme.qld.gov.au</gco:CharacterString>
                            </electronicMailAddress>
                        </CI_Address>
                    </address>
                    
                </CI_Contact>
            </contactInfo>
            <role>
                <CI_RoleCode codeList="http://www.isotc211.org/2005/resources/Codelist/gmxCodelists.xml#CI_RoleCode" codeListValue="pointOfContact">pointOfContact</CI_RoleCode>
            </role>
        </CI_ResponsibleParty>
    </contact>
    <dateStamp>
        <gco:Date>2017-10-30</gco:Date>
    </dateStamp>
    <metadataStandardName>
        <gco:CharacterString>ISO 19115:2005, ANZLIC ISO 1.1</gco:CharacterString>
    </metadataStandardName>
    <metadataStandardVersion>
        <gco:CharacterString>QGIS</gco:CharacterString>
    </metadataStandardVersion>
    <referenceSystemInfo>
        <MD_ReferenceSystem id="coordRefSystem">
            <referenceSystemIdentifier>
                <RS_Identifier>
                    <authority>
                        <CI_Citation>
                            <title>
                                <gco:CharacterString>EPSG Geodetic Parameter
                                Dataset</gco:CharacterString>
                            </title>
                            <date>
                                <CI_Date>
                                    <date>
                                        <gco:Date>2007-07-16</gco:Date>
                                    </date>
                                    <dateType>
                                        <CI_DateTypeCode codeList="http://www.isotc211.org/2005/resources/Codelist/gmxCodelists.xml#CI_DateTypeCode" codeListValue="revision">revision </CI_DateTypeCode>
                                    </dateType>
                                </CI_Date>
                            </date>
                            <edition>
                                <gco:CharacterString>Version 6.13</gco:CharacterString>
                            </edition>
                        </CI_Citation>
                    </authority>
                    <code>
                        <gco:CharacterString>EPSG:4283</gco:CharacterString>
                    </code>
                </RS_Identifier>
            </referenceSystemIdentifier>
        </MD_ReferenceSystem>
    </referenceSystemInfo>
    
    
    
    <identificationInfo>
        <MD_DataIdentification>
            <citation>
                <CI_Citation>
                    <title>
                        <gco:CharacterString>State electoral boundaries 2017 - Queensland</gco:CharacterString>
                    </title>
                    <alternateTitle>
                        <gco:CharacterString>State electoral boundaries 2017</gco:CharacterString>
                    </alternateTitle>
                    <date>
                        <CI_Date>
                            <date>
                                <gco:Date>2017-10-30</gco:Date>
                            </date>
                            <dateType>
                                <CI_DateTypeCode codeList="http://www.isotc211.org/2005/resources/Codelist/gmxCodelists.xml#CI_DateTypeCode" codeListValue="publication"/>
                            </dateType>
                        </CI_Date>
                    </date>
                    
                    
                    
                    <citedResponsibleParty>
                        <CI_ResponsibleParty id="resourceCustodian">
                            <organisationName>
                                <gco:CharacterString>Electoral Commission Queensland</gco:CharacterString>
                            </organisationName>
                            <positionName>
                                <gco:CharacterString>Electoral Commissioner</gco:CharacterString>
                            </positionName>
                            <contactInfo>
                                <CI_Contact>
                                    <onlineResource>
                                        <CI_OnlineResource>
                                            <linkage>
                                                <URL>http://www.ecq.qld.gov.au</URL>
                                            </linkage>
                                        </CI_OnlineResource>
                                    </onlineResource>                            
                                </CI_Contact>
                            </contactInfo>
                            <role>
                                <CI_RoleCode codeList="http://www.isotc211.org/2005/resources/Codelist/gmxCodelists.xml#CI_RoleCode" codeListValue="custodian">custodian</CI_RoleCode>
                            </role>
                        </CI_ResponsibleParty>
                    </citedResponsibleParty>
                    <citedResponsibleParty>
                        <CI_ResponsibleParty id="resourceOwner">
                            <organisationName>
                                <gco:CharacterString>Electoral Commission Queensland</gco:CharacterString>
                            </organisationName>
                            <positionName>
                                <gco:CharacterString>Electoral Commissioner</gco:CharacterString>
                            </positionName>
                            <role>
                                <CI_RoleCode codeList="http://www.isotc211.org/2005/resources/Codelist/gmxCodelists.xml#CI_RoleCode" codeListValue="owner">owner</CI_RoleCode>
                            </role>
                        </CI_ResponsibleParty>
                    </citedResponsibleParty>
                    <citedResponsibleParty>
                        <CI_ResponsibleParty id="otherCitContact1">
                            <organisationName>
                                <gco:CharacterString>Department of Natural Resources, Mines and Energy</gco:CharacterString>
                            </organisationName>
                            <positionName>
                                <gco:CharacterString>QSpatial Support</gco:CharacterString>
                            </positionName>
							<contactInfo>
								<CI_Contact>
									<phone>
										<CI_Telephone>
											<voice>
												<gco:CharacterString>(07) 3330 4439</gco:CharacterString>
											</voice>
										</CI_Telephone>
									</phone>
									<address>
										<CI_Address>
											<deliveryPoint>
												<gco:CharacterString/>
											</deliveryPoint>
											<city>
												<gco:CharacterString/>
											</city>
											<administrativeArea>
												<gco:CharacterString/>
											</administrativeArea>
											<postalCode>
												<gco:CharacterString/>
											</postalCode>
											<country>
												<gco:CharacterString/>
											</country>
											<electronicMailAddress>
												<gco:CharacterString>Discovery@dnrme.qld.gov.au</gco:CharacterString>
											</electronicMailAddress>
										</CI_Address>
									</address>
									<onlineResource>
										<CI_OnlineResource>
											<linkage>
												<URL/>
											</linkage>
										</CI_OnlineResource>
									</onlineResource>
								</CI_Contact>
							</contactInfo>
                            <role>
                                <CI_RoleCode codeList="http://www.isotc211.org/2005/resources/Codelist/gmxCodelists.xml#CI_RoleCode" codeListValue="resourceProvider">resourceProvider</CI_RoleCode>
                            </role>
                        </CI_ResponsibleParty>
                    </citedResponsibleParty>
                    
                    
                    
                    
                </CI_Citation>
            </citation>


            <abstract>
                <gco:CharacterString>The 2017 boundaries were created as the result of State Redistribution that was completed in June 2017. State redistributions are conducted approximately every eight years as required by the Electoral Act 1992. A significant change resulting from this  redistribution was an increase in the number of districts from 89 to 93.&#13;
&#13;
The redistribution was conducted by the Queensland Redistribution Commission as required by the Electoral Act 1992.&#13;
&#13;
The 2017 State Electoral Boundaries superseded the 2008 boundaries upon issue of the Writ on 29/10/2017 for the 2017/18 State General Election, and will remain the official electoral boundaries until the next state electoral redistribution.</gco:CharacterString>
            </abstract>
            
            <status>
                <MD_ProgressCode codeList="http://www.isotc211.org/2005/resources/Codelist/gmxCodelists.xml#MD_ProgressCode" codeListValue="completed">completed</MD_ProgressCode>
            </status>
            <pointOfContact>
                <CI_ResponsibleParty>
                    <organisationName>
                        <gco:CharacterString>Department of Natural Resources, Mines and Energy</gco:CharacterString>
                    </organisationName>
                    <positionName>
                        <gco:CharacterString>Senior Spatial Information Officer</gco:CharacterString>
                    </positionName>
                    <contactInfo>
                        <CI_Contact>
                            <phone>
                                <CI_Telephone>
                                    <voice>
                                        <gco:CharacterString>61 7 33304750</gco:CharacterString>
                                    </voice>
                                </CI_Telephone>
                            </phone>
                            <address>
                                <CI_Address>
                                    <deliveryPoint>
                                        <gco:CharacterString>Cnr Main and Vulture Sts</gco:CharacterString>
                                    </deliveryPoint>
                                    <city>
                                        <gco:CharacterString>Woolloongabba</gco:CharacterString>
                                    </city>
                                    <administrativeArea>
                                        <gco:CharacterString>QLD</gco:CharacterString>
                                    </administrativeArea>
                                    <postalCode>
                                        <gco:CharacterString>4102</gco:CharacterString>
                                    </postalCode>
                                    
                                    <electronicMailAddress>
                                        <gco:CharacterString>LSISDMAdminbdys@dnrme.qld.gov.au</gco:CharacterString>
                                    </electronicMailAddress>
                                </CI_Address>
                            </address>
                                                        
                        </CI_Contact>
                    </contactInfo>
                    <role>
                        <CI_RoleCode codeList="http://www.isotc211.org/2005/resources/Codelist/gmxCodelists.xml#CI_RoleCode" codeListValue="pointOfContact"/>
                    </role>
                </CI_ResponsibleParty>
            </pointOfContact>
            <resourceMaintenance>
                <MD_MaintenanceInformation>
                    <maintenanceAndUpdateFrequency>
                        <MD_MaintenanceFrequencyCode codeList="http://www.isotc211.org/2005/resources/Codelist/gmxCodelists.xml#MD_MaintenanceFrequencyCode" codeListValue="asNeeded"/>
                    </maintenanceAndUpdateFrequency>
                    
                </MD_MaintenanceInformation>
            </resourceMaintenance>
            
            <resourceFormat>
                <MD_Format>
                    <name>
                        <gco:CharacterString>SHP, TAB, FGDB, KMZ</gco:CharacterString>
                    </name>
                    <version>
                        <gco:CharacterString>1</gco:CharacterString>
                    </version>
                </MD_Format>
            </resourceFormat>
            <descriptiveKeywords>
                <MD_Keywords id="ThemeAnzlicThesaurus">
                    <keyword>
                        <gco:CharacterString>BOUNDARIES-Administrative</gco:CharacterString>
                    </keyword>
                    <type>
                        <MD_KeywordTypeCode codeList="http://www.isotc211.org/2005/resources/Codelist/gmxCodelists.xml#MD_KeywordTypeCode" codeListValue="theme">theme</MD_KeywordTypeCode>
                    </type>
                    <thesaurusName>
                        <CI_Citation>
                            <title>
                                <gco:CharacterString>ANZLIC Search Words</gco:CharacterString>
                            </title>
                            <date>
                                <CI_Date>
                                    <date gco:nilReason="unknown"/>
                                    <dateType>
                                        <CI_DateTypeCode codeList="http://www.isotc211.org/2005/resources/Codelist/gmxCodelists.xml#CI_DateTypeCode" codeListValue="publication">publication</CI_DateTypeCode>
                                    </dateType>
                                </CI_Date>
                            </date>
                        </CI_Citation>
                    </thesaurusName>
                </MD_Keywords>
            </descriptiveKeywords>
            
            <descriptiveKeywords>
                <MD_Keywords id="ThemeOtherThesaurus">
                    <keyword>
                        <gco:CharacterString>State electoral districts</gco:CharacterString>
                    </keyword>
                    <type>
                        <MD_KeywordTypeCode codeList="http://www.isotc211.org/2005/resources/Codelist/gmxCodelists.xml#MD_KeywordTypeCode" codeListValue="theme">theme</MD_KeywordTypeCode>
                    </type>
                    <thesaurusName>
                        <CI_Citation>
                            <title>
                                <gco:CharacterString>Common name</gco:CharacterString>
                            </title>
                            <date>
                                <CI_Date>
                                    <date gco:nilReason="unknown"/>
                                    <dateType>
                                        <CI_DateTypeCode codeList="http://www.isotc211.org/2005/resources/Codelist/gmxCodelists.xml#CI_DateTypeCode" codeListValue="publication">publication</CI_DateTypeCode>
                                    </dateType>
                                </CI_Date>
                            </date>
                            <otherCitationDetails>
                                <gco:CharacterString>Theme keywords input by metadata
                                publisher</gco:CharacterString>
                            </otherCitationDetails>
                        </CI_Citation>
                    </thesaurusName>
                </MD_Keywords>
            </descriptiveKeywords>
            
            <resourceConstraints>
                <MD_SecurityConstraints>
                    
                    <classification>
                        <MD_ClassificationCode codeList="http://www.isotc211.org/2005/resources/Codelist/gmxCodelists.xml#MD_ClassificationCode" codeListValue="unclassified">unclassified</MD_ClassificationCode>
                    </classification>
                    <classificationSystem>
                        <gco:CharacterString>Resource Access Level</gco:CharacterString>
                    </classificationSystem>
                </MD_SecurityConstraints>
            </resourceConstraints>
            <resourceConstraints>
                <MD_LegalConstraints>
                    <useLimitation>
                        <gco:CharacterString>&amp;copy State of Queensland (Electoral Commission Queensland) 2018</gco:CharacterString>
                    </useLimitation>
                    <useConstraints>
                        <MD_RestrictionCode codeList="http://www.isotc211.org/2005/resources/Codelist/gmxCodelists.xml#MD_RestrictionCode" codeListValue="copyright">copyright</MD_RestrictionCode>
                    </useConstraints>
                </MD_LegalConstraints>
            </resourceConstraints>
            <resourceConstraints>
                <MD_LegalConstraints>
                    <useLimitation>
                        <gco:CharacterString>This material is licensed under a &lt;a rel="license" href="http://creativecommons.org/licenses/by/4.0/"&gt;Creative Commons - Attribution 4.0 International&lt;/a&gt; licence.&lt;br /&gt; &lt;a rel="license" href="http://creativecommons.org/licenses/by/4.0/"&gt;&lt;img alt="Creative Commons License" title="Creative Commons - Attribution 4.0 International License" style="border: 0;" src="https://licensebuttons.net/l/by/4.0/88x31.png" /&gt;&lt;/a&gt;&lt;br /&gt; The Electoral Commission Queensland requests attribution in the following manner:&lt;br /&gt; ¿ State of Queensland (Electoral Commission Queensland) 2018. Updated data available at http://qldspatial.information.qld.gov.au/catalogue// .</gco:CharacterString>
                    </useLimitation>
                    <useConstraints>
                        <MD_RestrictionCode codeList="http://www.isotc211.org/2005/resources/Codelist/gmxCodelists.xml#MD_RestrictionCode" codeListValue="license">license</MD_RestrictionCode>
                    </useConstraints>
                </MD_LegalConstraints>
            </resourceConstraints>
            
            
            
            
            <aggregationInfo>
                <MD_AggregateInformation>
                    <aggregateDataSetIdentifier>
                        <MD_Identifier>
                            <code>
                                <gco:CharacterString>PROP.QLD_ELECTORALBDY\PROP.QLD_STATEELECTBDY_2017</gco:CharacterString>
                            </code>
                        </MD_Identifier>
                    </aggregateDataSetIdentifier>
                    <associationType>
                        <DS_AssociationTypeCode codeList="http://www.isotc211.org/2005/resources/Codelist/gmxCodelists.xml#DS_AssociationTypeCode" codeListValue="source">source</DS_AssociationTypeCode>
                    </associationType>
                </MD_AggregateInformation>
            </aggregationInfo>
            <spatialRepresentationType>
                <MD_SpatialRepresentationTypeCode codeList="http://www.isotc211.org/2005/resources/Codelist/gmxCodelists.xml#MD_SpatialRepresentationTypeCode" codeListValue="vector">vector</MD_SpatialRepresentationTypeCode>
            </spatialRepresentationType>
            
            <language>
                <gco:CharacterString>eng</gco:CharacterString>
            </language>
            <characterSet gco:nilReason="unknown"/>
            <topicCategory>
                <MD_TopicCategoryCode>boundaries</MD_TopicCategoryCode>
            </topicCategory>
            <environmentDescription>
                <gco:CharacterString>Spatial Information Resource</gco:CharacterString>
            </environmentDescription>
            <extent>
                <EX_Extent>
                    <geographicElement>
                        <EX_GeographicBoundingBox>
                            <westBoundLongitude>
                                <gco:Decimal>138</gco:Decimal>
                            </westBoundLongitude>
                            <eastBoundLongitude>
                                <gco:Decimal>155</gco:Decimal>
                            </eastBoundLongitude>
                            <southBoundLatitude>
                                <gco:Decimal>-29.5</gco:Decimal>
                            </southBoundLatitude>
                            <northBoundLatitude>
                                <gco:Decimal>-9</gco:Decimal>
                            </northBoundLatitude>
                        </EX_GeographicBoundingBox>
                    </geographicElement>
                    
                    
                    <temporalElement>
                        <EX_TemporalExtent>
                            <extent>
                                <gml:TimePeriod frame="#ISO-8601" gml:id="timePeriod1">
                                    <gml:beginPosition>2017-10-29</gml:beginPosition>
                                    <gml:endPosition indeterminatePosition="unknown">2024-10-29</gml:endPosition>
                                </gml:TimePeriod>
                            </extent>
                        </EX_TemporalExtent>
                    </temporalElement>
                </EX_Extent>
            </extent>
            <supplementalInformation>
                <gco:CharacterString>The 2017 boundaries were created as the result of State Redistribution that was completed in June 2017. State redistributions are conducted approximately every eight years as required by the Electoral Act 1992. A significant change resulting from this  redistribution was an increase in the number of districts from 89 to 93.&#13;
&#13;
The redistribution was conducted by the Queensland Redistribution Commission as required by the Electoral Act 1992.&#13;
&#13;
The 2017 State Electoral Boundaries will supersede the 2008 boundaries upon issue of the Writ for the 2017/18 State General Election, and will remain the official electoral boundaries until the next state electoral redistribution.&#13;
&#13;
&#13;
&#13;
From the 30 November 2015, there will no longer be reference to Parishes and Counties in the Departments land information systems, including the Digital Cadastral Database (DCDB) – a computerised map of property boundaries and related description of all land parcels in Queensland. &#13;
&#13;
The Department of Natural Resources, Mines and Energy will retain a record of parishes and counties for historical purposes. The Museum of Lands, Mapping and Surveying provides historical information about parishes and counties and the historical parish directory is available online.&#13;
If you obtain information or products from QSpatial, either the information will no longer contain parish and county details, or the parish and county fields will contain the words ‘no longer used’.</gco:CharacterString>
            </supplementalInformation>
        </MD_DataIdentification>
    </identificationInfo>
    <distributionInfo>
        <MD_Distribution>
            <distributionFormat>
                <MD_Format id="DownloadService">
                    <name>
                        <gco:CharacterString>Queensland Spatial Catalogue</gco:CharacterString>
                    </name>
                    <version gco:nilReason="inapplicable"/>
                    <specification>
                        <gco:CharacterString>Download Service</gco:CharacterString>
                    </specification>
                    <formatDistributor>
                        <MD_Distributor>
                            <distributorContact>
                                <CI_ResponsibleParty>
                                    <organisationName>
                                        <gco:CharacterString>Department of Natural Resources, Mines and Energy</gco:CharacterString>
                                    </organisationName>
                                    <role>
                                        <CI_RoleCode codeList="http://www.isotc211.org/2005/resources/Codelist/gmxCodelists.xml#CI_RoleCode" codeListValue="resourceProvider">resourceProvider</CI_RoleCode>
                                    </role>
                                </CI_ResponsibleParty>
                            </distributorContact>
                            <distributionOrderProcess>
                                <MD_StandardOrderProcess>
                                    
                                    <orderingInstructions>
                                        <gco:CharacterString>Open the Queensland Spatial Catalogue (QSpatial). Select the large SEARCH button and all available records are displayed. Select one of the four filter options provided and then the further options within the filter. The resultant search is then displayed. Select your record and complete the order.</gco:CharacterString>
                                    </orderingInstructions>
                                </MD_StandardOrderProcess>
                            </distributionOrderProcess>
                            <distributorTransferOptions>
                                <MD_DigitalTransferOptions>
                                    <onLine>
                                        <CI_OnlineResource id="dns1">
                                            <linkage>
                                                <URL>http://qldspatial.information.qld.gov.au/catalogue/</URL>
                                            </linkage>
                                        </CI_OnlineResource>
                                    </onLine>
                                </MD_DigitalTransferOptions>
                            </distributorTransferOptions>
                        </MD_Distributor>
                    </formatDistributor>
                </MD_Format>
            </distributionFormat>
            
            
            <distributionFormat>
                <MD_Format id="GptBehaviour">
                    <name>
                        <gco:CharacterString>downloadableData</gco:CharacterString>
                    </name>
                    <version>
                        <gco:CharacterString>10.0</gco:CharacterString>
                    </version>
                    <specification>
                        <gco:CharacterString>ESRI ArcGIS Server Geoportal Extension Content Type</gco:CharacterString>
                    </specification>
                </MD_Format>
            </distributionFormat>
            <distributor>
                <MD_Distributor id="distributorContact1">
                    <distributorContact>
                        <CI_ResponsibleParty>
                            <organisationName>
                                <gco:CharacterString>Department of Natural Resources, Mines and Energy</gco:CharacterString>
                            </organisationName>
                            <positionName>
                                <gco:CharacterString>opendata@dnrme.qld.gov.au</gco:CharacterString>
                            </positionName>
                            <role>
                                <CI_RoleCode codeList="http://www.isotc211.org/2005/resources/Codelist/gmxCodelists.xml#CI_RoleCode" codeListValue="distributor">distributor</CI_RoleCode>
                            </role>
                        </CI_ResponsibleParty>
                    </distributorContact>
                    
                    <distributorFormat>
                        <MD_Format>
                            <name>
                                <gco:CharacterString>From the Queensland Spatial Catalogue as ESRI Shape file, Mapinfo Tab file, file geodatabase, and Google KMZ</gco:CharacterString>
                            </name>
                            <version gco:nilReason="inapplicable"/>
                        </MD_Format>
                    </distributorFormat>
                    <distributorTransferOptions>
                        <MD_DigitalTransferOptions>
                            <transferSize>
                                <gco:Real>3</gco:Real>
                            </transferSize>
                            <onLine>
                                <CI_OnlineResource>
                                    <linkage>
                                        <URL>http://qldspatial.information.qld.gov.au/catalogue/custom/search.page?q=%22State electoral boundaries 2017 - Queensland%22</URL>
                                    </linkage>
                                </CI_OnlineResource>
                            </onLine>
                            
                        </MD_DigitalTransferOptions>
                    </distributorTransferOptions>
                </MD_Distributor>
            </distributor>
            <transferOptions>
                <MD_DigitalTransferOptions id="download">
                    <onLine>
                        <CI_OnlineResource>
                            <linkage>
                                <URL/>
                            </linkage>
                            <function>
                                <CI_OnLineFunctionCode codeList="http://www.isotc211.org/2005/resources/Codelist/gmxCodelists.xml#CI_OnLineFunctionCode" codeListValue="download">download</CI_OnLineFunctionCode>
                            </function>
                        </CI_OnlineResource>
                    </onLine>
                </MD_DigitalTransferOptions>
            </transferOptions>
        </MD_Distribution>
    </distributionInfo>
    <dataQualityInfo>
        <DQ_DataQuality>
            <scope>
                <DQ_Scope>
                    <level>
                        <MD_ScopeCode codeList="http://www.isotc211.org/2005/resources/Codelist/gmxCodelists.xml#MD_ScopeCode" codeListValue="dataset">dataset</MD_ScopeCode>
                    </level>
                    
                </DQ_Scope>
            </scope>
            <report>
                <DQ_CompletenessOmission>
                    <result>
                        <DQ_ConformanceResult>
                            <specification gco:nilReason="missing"/>
                            <explanation>
                                <gco:CharacterString>The dataset is complete for the subject boundary.</gco:CharacterString>
                            </explanation>
                            <pass gco:nilReason="inapplicable"/>
                        </DQ_ConformanceResult>
                    </result>
                </DQ_CompletenessOmission>
            </report>
            
            <report>
                <DQ_AbsoluteExternalPositionalAccuracy>
                    <result>
                        <DQ_ConformanceResult>
                            <specification gco:nilReason="missing"/>
                            <explanation>
                                <gco:CharacterString>No positional accuracy statements are attached to this file. The positional accuracy of the data is equivalent to that of the data at the time of the compilation.</gco:CharacterString>
                            </explanation>
                            <pass gco:nilReason="inapplicable"/>
                        </DQ_ConformanceResult>
                    </result>
                </DQ_AbsoluteExternalPositionalAccuracy>
            </report>
            <report>
                <DQ_NonQuantitativeAttributeAccuracy>
                    <result>
                        <DQ_ConformanceResult>
                            <specification gco:nilReason="missing"/>
                            <explanation>
                                <gco:CharacterString>The depicted boundaries form the gazetted position of the electoral district.</gco:CharacterString>
                            </explanation>
                            <pass gco:nilReason="inapplicable"/>
                        </DQ_ConformanceResult>
                    </result>
                </DQ_NonQuantitativeAttributeAccuracy>
            </report>
            
            
            
            
            <lineage>
                <LI_Lineage>
                    <statement>
                        <gco:CharacterString>State Electoral Districts were created by aggregating whole and part Australian Bureau of Statistics Statistical Area 1 (SA1) polygons, taking into consideration current and projected SA1 elector counts (obtained from the Australian Electoral Commission, and Queensland Treasury respectively); population distribution; physical features such as transport networks, drainage and conservation parks; and administrative boundaries such as cadastral, locality, Local, State, and Federal electoral boundaries.</gco:CharacterString>
                    </statement>
                    
                    
                </LI_Lineage>
            </lineage>
        </DQ_DataQuality>
    </dataQualityInfo>
    <metadataConstraints>
        <MD_SecurityConstraints>
            <useLimitation>
                <gco:CharacterString>Public</gco:CharacterString>
            </useLimitation>
            <classification>
                <MD_ClassificationCode codeList="http://www.isotc211.org/2005/resources/Codelist/gmxCodelists.xml#MD_ClassificationCode" codeListValue="unclassified"/>
            </classification>
            <classificationSystem>
                <gco:CharacterString>Metadata Access Level</gco:CharacterString>
            </classificationSystem>
        </MD_SecurityConstraints>
    </metadataConstraints>
</MD_Metadata>